﻿pos_x,pos_y,rotation,side,designator,mpn,pack,footprint,value,mount_type
144.25,-85.0,0.0,top,C1,,,C_Disc_D3.0mm_W2.0mm_P2.50mm,"0,1uF",tht
146.5,-110.25,90.0,top,C2,,,C_Disc_D3.0mm_W2.0mm_P2.50mm,22pF,tht
146.5,-116.25,90.0,top,C3,,,C_Disc_D3.0mm_W2.0mm_P2.50mm,22pF,tht
173.25,-118.0,0.0,top,C4,,,C_Disc_D3.0mm_W2.0mm_P2.50mm,"0,1uF",tht
156.25,-95.0,180.0,top,C5,,,C_Disc_D3.0mm_W2.0mm_P2.50mm,"0,1uF",tht
139.0,-128.25,90.0,top,C6,,,C_Disc_D3.0mm_W2.0mm_P2.50mm,"0,1uF",tht
120.775,-140.0,180.0,top,D1,,,LED_D3.0mm,LED,tht
153.04,-100.5,-90.0,top,J2,,,PinHeader_2x03_P2.54mm_Vertical,SPI,tht
149.58,-93.0,-90.0,top,J5,,,PinHeader_1x03_P2.54mm_Vertical,ROM Select,tht
127.0,-129.75,90.0,bottom,LuisLogo1,,,LuisLogoInv,LuisLogo,tht
128.96,-68.5,0.0,bottom,R1,,,R_Axial_DIN0204_L3.6mm_D1.6mm_P5.08mm_Horizontal,"3,3K",tht
165.0,-118.0,180.0,top,R2,,,R_Axial_DIN0204_L3.6mm_D1.6mm_P5.08mm_Horizontal,10K,tht
116.96,-133.5,0.0,top,R3,,,R_Axial_DIN0204_L3.6mm_D1.6mm_P5.08mm_Horizontal,560R,tht
138.5,-115.5,0.0,top,SW1,,,JTP-1130,JTP-1130,tht
125.1569,-58.7984,0.0,top,U1,,,DIP-40_W15.24mm_Socket,CPU 6502,tht
168.62,-99.34,0.0,top,U2,,,PLCC-32_THT-Socket,EPROM,tht
175.54,-133.2,-90.0,top,U3,,,DIP-20_W7.62mm,74HCT273N,tht
175.58,-122.38,-90.0,top,U4,,,DIP-28_W7.62mm,ATmega328-PU,tht
148.04,-133.2,-90.0,top,U5,,,DIP-20_W7.62mm,ATF16V8B(QL),tht
126.0,-121.285,0.0,top,U6,,,SOP-28_8.4x18.16mm_P1.27mm,62256 SRAM,smt
122.0686,-58.7882,0.0,top,UC1,,,DIP-40_W15.24mm_Socket_LongPads,2x20 CONN HDR,tht
152.5,-114.95,90.0,top,Y1,,,Crystal_HC49-4H_Vertical,16/20MHz,tht
