﻿Designator,Quantity,Value,Footprint,Package,MPN,DNP,Mount_Type,Description
"C1, C4, C5, C6",4,"0,1uF",C_Disc_D3.0mm_W2.0mm_P2.50mm,,,,tht,Unpolarized capacitor
"C2, C3",2,22pF,C_Disc_D3.0mm_W2.0mm_P2.50mm,,,,tht,Unpolarized capacitor
D1,1,LED,LED_D3.0mm,,,,tht,Light emitting diode
J2,1,SPI,PinHeader_2x03_P2.54mm_Vertical,,,,tht,2.54mm Pitch 2x3 6 Pin Male Double Row Straight Pin Header Strip Connector
J5,1,ROM Select,PinHeader_1x03_P2.54mm_Vertical,,,,tht,2.54mm Single Row Male Curved Needle Pin Header Connector
LuisLogo1,1,LuisLogo,LuisLogoInv,,,,tht,
R2,1,10K,R_Axial_DIN0204_L3.6mm_D1.6mm_P5.08mm_Horizontal,,,,tht,10k ohm 1/4W Metal Film Resistor 0.25W 1%
R3,1,560R,R_Axial_DIN0204_L3.6mm_D1.6mm_P5.08mm_Horizontal,,,,tht,"Resistor, small symbol"
SW1,1,JTP-1130,JTP-1130,,,,tht,
U1,1,CPU 6502,DIP-40_W15.24mm_Socket,,,Yes,tht,"8-bit NMOS Microprocessor, 64K, DIP-40"
U2,1,EPROM,PLCC-32_THT-Socket,,,,tht,"512K x 8 HIGH-SPEED CMOS STATIC RAM, 10ns, SOJ-36"
U3,1,74HCT273N,DIP-20_W7.62mm,,,,tht,"8-bit D Flip-Flop, reset"
U4,1,ATmega328-PU,DIP-28_W7.62mm,,,,tht,8-Bit Mikrocontroller - MCU AVR 32K FLSH 1K EE2K SRAM-20MHz IND
U5,1,ATF16V8B(QL),DIP-20_W7.62mm,,,,tht,High-performance EE PLD DIP-20
U6,1,62256 SRAM,SOP-28_8.4x18.16mm_P1.27mm,,,,smt,"256K (32K x 8) Static RAM, 70ns, SO-28"
UC1,1,2x20 CONN HDR,DIP-40_W15.24mm_Socket_LongPads,,,Yes,tht,Male Header Single Row 40 Pin (2x20 Pin) 2.54mm Pin Connector Strip Round Needle Connector
Y1,1,16/20MHz,Crystal_HC49-4H_Vertical,,,,tht,16 Mhz or 20 Mhz Quartz Crystal Resonator Passive Oscillator HC 49S
