﻿Designator,Quantity,Value,Footprint,Package,MPN,DNP,Mount_Type,Description
"C1, C2, C5, C6",4,"0,1uF",C_Disc_D3.0mm_W2.0mm_P2.50mm,,,,tht,Unpolarized capacitor
"C3, C4",2,22pF,C_Disc_D3.0mm_W2.0mm_P2.50mm,,,,tht,Unpolarized capacitor
D1,1,LED,LED_D3.0mm,,,,tht,Light emitting diode
J2,1,SPI,PinHeader_2x03_P2.54mm_Vertical,,,,tht,"Generic connector, double row, 02x03, odd/even pin numbering scheme (row 1 odd numbers, row 2 even numbers), script generated (kicad-library-utils/schlib/autogen/connector/)"
J4,1,ROM Select,PinHeader_1x03_P2.54mm_Vertical,,,,tht,"Generic connector, single row, 01x03, script generated (kicad-library-utils/schlib/autogen/connector/)"
R2,1,10K,R_Axial_DIN0204_L3.6mm_D1.6mm_P5.08mm_Horizontal,,,,tht,
R3,1,560R,R_Axial_DIN0204_L3.6mm_D1.6mm_P5.08mm_Horizontal,,,,tht,"Resistor, small symbol"
SW1,1,JTP-1130,JTP-1130,,,,tht,
U1,1,CPU 6502,DIP-40_W15.24mm_Socket,,,Yes,tht,"8-bit NMOS Microprocessor, 64K, DIP-40"
U2,1,EPROM,PLCC-32_11.4x14.0mm_P1.27mm,,,,smt,"512K x 8 HIGH-SPEED CMOS STATIC RAM, 10ns, SOJ-36"
U3,1,74HCT273N,SOIC-20W_7.5x12.8mm_P1.27mm,,,,smt,"8-bit D Flip-Flop, reset"
U4,1,ATmega328,TQFP-32_7x7mm_P0.8mm,,,,smt,"20MHz, 32kB Flash, 2kB SRAM, 1kB EEPROM, TQFP-32"
U5,1,ATF16V8B(QL),SOIC-20W_7.5x12.8mm_P1.27mm,,,,smt,"Programmable Logic Array, DIP-20/SOIC-20/PLCC-20"
U6,1,62256 SRAM,SOP-28_8.4x18.16mm_P1.27mm,,,,smt,"256K (32K x 8) Static RAM, 70ns, DIP-28"
UC1,1,2x20 CONN HDR,DIP-40_W15.24mm_Socket_LongPads,,,Yes,tht,Male Header Single Row 40 Pin (2x20 Pin) 2.54mm Pin Connector Strip Round Needle Connector
Y1,1,16/20MHz,Crystal_HC49-4H_Vertical,,,,tht,Two pin crystal
