﻿pos_x,pos_y,rotation,side,designator,mpn,pack,footprint,value,mount_type
145.5,-84.25,90.0,top,C1,,,C_Disc_D3.0mm_W2.0mm_P2.50mm,"0,1uF",tht
158.75,-126.5,180.0,top,C2,,,C_Disc_D3.0mm_W2.0mm_P2.50mm,"0,1uF",tht
171.0,-116.0,-90.0,top,C3,,,C_Disc_D3.0mm_W2.0mm_P2.50mm,22pF,tht
171.0,-122.75,-90.0,top,C4,,,C_Disc_D3.0mm_W2.0mm_P2.50mm,22pF,tht
166.75,-112.0,180.0,top,C5,,,C_Disc_D3.0mm_W2.0mm_P2.50mm,"0,1uF",tht
122.0,-136.5,90.0,top,C6,,,C_Disc_D3.0mm_W2.0mm_P2.50mm,"0,1uF",tht
122.0,-128.775,90.0,top,D1,,,LED_D3.0mm,LED,tht
144.46,-100.71,0.0,top,J2,,,PinHeader_2x03_P2.54mm_Vertical,SPI,tht
162.71,-107.0,90.0,top,J4,,,PinHeader_1x03_P2.54mm_Vertical,ROM Select,tht
131.0,-68.96,-90.0,bottom,R1,,,R_Axial_DIN0204_L3.6mm_D1.6mm_P5.08mm_Horizontal,"3,3K",tht
156.0,-106.0,180.0,top,R2,,,R_Axial_DIN0204_L3.6mm_D1.6mm_P5.08mm_Horizontal,10K,tht
122.0,-120.04,90.0,top,R3,,,R_Axial_DIN0204_L3.6mm_D1.6mm_P5.08mm_Horizontal,560R,tht
145.75,-93.25,-90.0,top,SW1,,,JTP-1130,JTP-1130,tht
124.3948,-57.4284,0.0,top,U1,,,DIP-40_W15.24mm_Socket,CPU 6502,tht
152.73,-116.5625,-90.0,top,U2,,,PLCC-32_11.4x14.0mm_P1.27mm,EPROM,smt
148.175,-133.85,-90.0,top,U3,,,SOIC-20W_7.5x12.8mm_P1.27mm,74HCT273N,smt
164.75,-133.5,0.0,top,U4,,,TQFP-32_7x7mm_P0.8mm,ATmega328,smt
132.785,-133.85,-90.0,top,U5,,,SOIC-20W_7.5x12.8mm_P1.27mm,ATF16V8B(QL),smt
133.055,-117.0,-90.0,top,U6,,,SOP-28_8.4x18.16mm_P1.27mm,62256 SRAM,smt
121.5,-57.44,0.0,top,UC1,,,DIP-40_W15.24mm_Socket_LongPads,2x20 CONN HDR,tht
165.5,-123.38,90.0,top,Y1,,,Crystal_HC49-4H_Vertical,16/20MHz,tht
